2019,Nananne,Nester,Nananne.Nester@essca.eu,Lyon,JavaScript
2018,Lanna,Jehu,Lanna.Jehu@essca.eu,Lyon,JavaScript
2020,Ottilie,Cullin,Ottilie.Cullin@essca.eu,Lyon,JavaScript
2019,Cam,Allina,Cam.Allina@essca.eu,Lyon,JavaScript
2020,Lelah,Lareena,Lelah.Lareena@essca.eu,Budapest,JavaScript
2018,Carilyn,Reinke,Carilyn.Reinke@essca.eu,Lyon,JavaScript
2021,Gisela,Docilla,Gisela.Docilla@essca.eu,Lyon,JavaScript
2021,Winifred,Louanna,Winifred.Louanna@essca.eu,Budapest,JavaScript
2019,Yolane,Kathie,Yolane.Kathie@essca.eu,Budapest,JavaScript
2018,Debee,Bergman,Debee.Bergman@essca.eu,Budapest,JavaScript
2020,Tressa,Ortrude,Tressa.Ortrude@essca.eu,Budapest,JavaScript
2022,Gerianna,Randene,Gerianna.Randene@essca.eu,Budapest,JavaScript
2018,Magdalena,Duwalt,Magdalena.Duwalt@essca.eu,Lyon,JavaScript
2016,Patricia,Roumell,Patricia.Roumell@essca.eu,Lyon,JavaScript
2018,Althea,Jacobah,Althea.Jacobah@essca.eu,Budapest,JavaScript
2018,Trixi,Stevy,Trixi.Stevy@essca.eu,Budapest,JavaScript
2022,Ulrike,Ailyn,Ulrike.Ailyn@essca.eu,Lyon,JavaScript
2016,Sadie,Alabaster,Sadie.Alabaster@essca.eu,Budapest,JavaScript
2018,Thalia,Grobe,Thalia.Grobe@essca.eu,Budapest,JavaScript
2021,Cherilyn,Thornburg,Cherilyn.Thornburg@essca.eu,Lyon,JavaScript
2017,Nannie,Carleen,Nannie.Carleen@essca.eu,Budapest,JavaScript
2019,Tressa,Wilona,Tressa.Wilona@essca.eu,Budapest,JavaScript
2017,Veda,Dichy,Veda.Dichy@essca.eu,Lyon,JavaScript
2017,Tressa,Nadia,Tressa.Nadia@essca.eu,Lyon,JavaScript
2021,Jorry,Hamil,Jorry.Hamil@essca.eu,Lyon,JavaScript
2020,Vita,Hieronymus,Vita.Hieronymus@essca.eu,Lyon,JavaScript
2016,Rosanne,Arley,Rosanne.Arley@essca.eu,Budapest,JavaScript
2021,Willetta,Pierette,Willetta.Pierette@essca.eu,Budapest,JavaScript
2019,Stacey,Boycey,Stacey.Boycey@essca.eu,Budapest,JavaScript
2016,Meghann,Latini,Meghann.Latini@essca.eu,Lyon,JavaScript
2021,Lenna,Forrer,Lenna.Forrer@essca.eu,Budapest,JavaScript
2020,Beatriz,Harl,Beatriz.Harl@essca.eu,Lyon,JavaScript
2022,Cathie,Georas,Cathie.Georas@essca.eu,Lyon,JavaScript
2020,Kirbee,Colbert,Kirbee.Colbert@essca.eu,Lyon,JavaScript
2017,Brena,Harned,Brena.Harned@essca.eu,Budapest,JavaScript
2017,Sissy,Carolin,Sissy.Carolin@essca.eu,Lyon,JavaScript
2016,Evaleen,Lorenz,Evaleen.Lorenz@essca.eu,Lyon,JavaScript
2021,Nita,Dielu,Nita.Dielu@essca.eu,Budapest,JavaScript
2016,Daphne,Calhoun,Daphne.Calhoun@essca.eu,Budapest,JavaScript
2016,Christian,Skell,Christian.Skell@essca.eu,Lyon,JavaScript
2022,Selma,Vernier,Selma.Vernier@essca.eu,Lyon,JavaScript
2016,Florie,Bord,Florie.Bord@essca.eu,Lyon,JavaScript
2022,Angela,Read,Angela.Read@essca.eu,Lyon,JavaScript
2018,Karolina,Elo,Karolina.Elo@essca.eu,Lyon,JavaScript
2022,Maridel,Zitvaa,Maridel.Zitvaa@essca.eu,Lyon,JavaScript
2016,Clo,Fleeta,Clo.Fleeta@essca.eu,Budapest,JavaScript
2020,Ebonee,Estella,Ebonee.Estella@essca.eu,Budapest,JavaScript
2020,Elmira,Infield,Elmira.Infield@essca.eu,Lyon,JavaScript
2020,Darlleen,Anestassia,Darlleen.Anestassia@essca.eu,Lyon,JavaScript
2022,Lily,Nahum,Lily.Nahum@essca.eu,Budapest,JavaScript
2019,Darlleen,Narton,Darlleen.Narton@essca.eu,Lyon,JavaScript
2020,Ada,Naashom,Ada.Naashom@essca.eu,Lyon,JavaScript
2022,Gloria,Selway,Gloria.Selway@essca.eu,Lyon,JavaScript
2016,Paola,Arathorn,Paola.Arathorn@essca.eu,Budapest,JavaScript
2021,Cherrita,Dituri,Cherrita.Dituri@essca.eu,Budapest,JavaScript
2021,Kial,Raffo,Kial.Raffo@essca.eu,Lyon,JavaScript
2016,Di,Shields,Di.Shields@essca.eu,Budapest,JavaScript
2020,Tonia,Calhoun,Tonia.Calhoun@essca.eu,Budapest,JavaScript
2019,Wileen,Weide,Wileen.Weide@essca.eu,Budapest,JavaScript
